"Benchmark","Mode","Threads","Samples","Score","Score Error (99.9%)","Unit","Param: backoff","Param: queueSize"
"io.github.richardstartin.qb.SaturationBenchmark.offerArrayBlockingQueue1","avgt",1,5,123.415386,5.803586,"ns/op",0,256
"io.github.richardstartin.qb.SaturationBenchmark.offerArrayBlockingQueue1:drops","avgt",1,5,61802.000000,NaN,"#",0,256
"io.github.richardstartin.qb.SaturationBenchmark.offerArrayBlockingQueue1:offers","avgt",1,5,40462360.000000,NaN,"#",0,256
"io.github.richardstartin.qb.SaturationBenchmark.offerArrayBlockingQueue1","avgt",1,5,126.277409,4.497462,"ns/op",0,1024
"io.github.richardstartin.qb.SaturationBenchmark.offerArrayBlockingQueue1:drops","avgt",1,5,17207.000000,NaN,"#",0,1024
"io.github.richardstartin.qb.SaturationBenchmark.offerArrayBlockingQueue1:offers","avgt",1,5,39587248.000000,NaN,"#",0,1024
"io.github.richardstartin.qb.SaturationBenchmark.offerArrayBlockingQueue1","avgt",1,5,117.675793,6.008011,"ns/op",0,2048
"io.github.richardstartin.qb.SaturationBenchmark.offerArrayBlockingQueue1:drops","avgt",1,5,34324.000000,NaN,"#",0,2048
"io.github.richardstartin.qb.SaturationBenchmark.offerArrayBlockingQueue1:offers","avgt",1,5,42466603.000000,NaN,"#",0,2048
"io.github.richardstartin.qb.SaturationBenchmark.offerArrayBlockingQueue1","avgt",1,5,133.775455,3.956886,"ns/op",0,4096
"io.github.richardstartin.qb.SaturationBenchmark.offerArrayBlockingQueue1:drops","avgt",1,5,6889.000000,NaN,"#",0,4096
"io.github.richardstartin.qb.SaturationBenchmark.offerArrayBlockingQueue1:offers","avgt",1,5,37376263.000000,NaN,"#",0,4096
"io.github.richardstartin.qb.SaturationBenchmark.offerArrayBlockingQueue1","avgt",1,5,133.536233,13.862525,"ns/op",5,256
"io.github.richardstartin.qb.SaturationBenchmark.offerArrayBlockingQueue1:drops","avgt",1,5,47881.000000,NaN,"#",5,256
"io.github.richardstartin.qb.SaturationBenchmark.offerArrayBlockingQueue1:offers","avgt",1,5,37422013.000000,NaN,"#",5,256
"io.github.richardstartin.qb.SaturationBenchmark.offerArrayBlockingQueue1","avgt",1,5,133.456969,4.887841,"ns/op",5,1024
"io.github.richardstartin.qb.SaturationBenchmark.offerArrayBlockingQueue1:drops","avgt",1,5,19482.000000,NaN,"#",5,1024
"io.github.richardstartin.qb.SaturationBenchmark.offerArrayBlockingQueue1:offers","avgt",1,5,37453173.000000,NaN,"#",5,1024
"io.github.richardstartin.qb.SaturationBenchmark.offerArrayBlockingQueue1","avgt",1,5,137.922741,10.442430,"ns/op",5,2048
"io.github.richardstartin.qb.SaturationBenchmark.offerArrayBlockingQueue1:drops","avgt",1,5,26516.000000,NaN,"#",5,2048
"io.github.richardstartin.qb.SaturationBenchmark.offerArrayBlockingQueue1:offers","avgt",1,5,36241137.000000,NaN,"#",5,2048
"io.github.richardstartin.qb.SaturationBenchmark.offerArrayBlockingQueue1","avgt",1,5,133.865008,4.636294,"ns/op",5,4096
"io.github.richardstartin.qb.SaturationBenchmark.offerArrayBlockingQueue1:drops","avgt",1,5,0.000000,NaN,"#",5,4096
"io.github.richardstartin.qb.SaturationBenchmark.offerArrayBlockingQueue1:offers","avgt",1,5,37358189.000000,NaN,"#",5,4096
"io.github.richardstartin.qb.SaturationBenchmark.offerArrayBlockingQueue1","avgt",1,5,160.170088,6.933327,"ns/op",10,256
"io.github.richardstartin.qb.SaturationBenchmark.offerArrayBlockingQueue1:drops","avgt",1,5,54685.000000,NaN,"#",10,256
"io.github.richardstartin.qb.SaturationBenchmark.offerArrayBlockingQueue1:offers","avgt",1,5,31171120.000000,NaN,"#",10,256
"io.github.richardstartin.qb.SaturationBenchmark.offerArrayBlockingQueue1","avgt",1,5,150.753056,3.978814,"ns/op",10,1024
"io.github.richardstartin.qb.SaturationBenchmark.offerArrayBlockingQueue1:drops","avgt",1,5,11807.000000,NaN,"#",10,1024
"io.github.richardstartin.qb.SaturationBenchmark.offerArrayBlockingQueue1:offers","avgt",1,5,33161563.000000,NaN,"#",10,1024
"io.github.richardstartin.qb.SaturationBenchmark.offerArrayBlockingQueue1","avgt",1,5,159.237392,6.057593,"ns/op",10,2048
"io.github.richardstartin.qb.SaturationBenchmark.offerArrayBlockingQueue1:drops","avgt",1,5,2137.000000,NaN,"#",10,2048
"io.github.richardstartin.qb.SaturationBenchmark.offerArrayBlockingQueue1:offers","avgt",1,5,31404446.000000,NaN,"#",10,2048
"io.github.richardstartin.qb.SaturationBenchmark.offerArrayBlockingQueue1","avgt",1,5,134.581860,9.443153,"ns/op",10,4096
"io.github.richardstartin.qb.SaturationBenchmark.offerArrayBlockingQueue1:drops","avgt",1,5,1.000000,NaN,"#",10,4096
"io.github.richardstartin.qb.SaturationBenchmark.offerArrayBlockingQueue1:offers","avgt",1,5,37166651.000000,NaN,"#",10,4096
"io.github.richardstartin.qb.SaturationBenchmark.offerArrayBlockingQueue1","avgt",1,5,219.211411,12.052765,"ns/op",20,256
"io.github.richardstartin.qb.SaturationBenchmark.offerArrayBlockingQueue1:drops","avgt",1,5,13491.000000,NaN,"#",20,256
"io.github.richardstartin.qb.SaturationBenchmark.offerArrayBlockingQueue1:offers","avgt",1,5,22803204.000000,NaN,"#",20,256
"io.github.richardstartin.qb.SaturationBenchmark.offerArrayBlockingQueue1","avgt",1,5,193.027723,16.325792,"ns/op",20,1024
"io.github.richardstartin.qb.SaturationBenchmark.offerArrayBlockingQueue1:drops","avgt",1,5,22324.000000,NaN,"#",20,1024
"io.github.richardstartin.qb.SaturationBenchmark.offerArrayBlockingQueue1:offers","avgt",1,5,25895194.000000,NaN,"#",20,1024
"io.github.richardstartin.qb.SaturationBenchmark.offerArrayBlockingQueue1","avgt",1,5,194.755889,15.813696,"ns/op",20,2048
"io.github.richardstartin.qb.SaturationBenchmark.offerArrayBlockingQueue1:drops","avgt",1,5,3548.000000,NaN,"#",20,2048
"io.github.richardstartin.qb.SaturationBenchmark.offerArrayBlockingQueue1:offers","avgt",1,5,25682634.000000,NaN,"#",20,2048
"io.github.richardstartin.qb.SaturationBenchmark.offerArrayBlockingQueue1","avgt",1,5,205.006165,10.406603,"ns/op",20,4096
"io.github.richardstartin.qb.SaturationBenchmark.offerArrayBlockingQueue1:drops","avgt",1,5,641.000000,NaN,"#",20,4096
"io.github.richardstartin.qb.SaturationBenchmark.offerArrayBlockingQueue1:offers","avgt",1,5,24396187.000000,NaN,"#",20,4096
"io.github.richardstartin.qb.SaturationBenchmark.offerArrayBlockingQueue2","avgt",2,5,182.718609,22.503711,"ns/op",0,256
"io.github.richardstartin.qb.SaturationBenchmark.offerArrayBlockingQueue2:drops","avgt",2,5,6140283.000000,NaN,"#",0,256
"io.github.richardstartin.qb.SaturationBenchmark.offerArrayBlockingQueue2:offers","avgt",2,5,48700313.000000,NaN,"#",0,256
"io.github.richardstartin.qb.SaturationBenchmark.offerArrayBlockingQueue2","avgt",2,5,122.296357,35.619192,"ns/op",0,1024
"io.github.richardstartin.qb.SaturationBenchmark.offerArrayBlockingQueue2:drops","avgt",2,5,218397.000000,NaN,"#",0,1024
"io.github.richardstartin.qb.SaturationBenchmark.offerArrayBlockingQueue2:offers","avgt",2,5,84276822.000000,NaN,"#",0,1024
"io.github.richardstartin.qb.SaturationBenchmark.offerArrayBlockingQueue2","avgt",2,5,160.413292,9.176951,"ns/op",0,2048
"io.github.richardstartin.qb.SaturationBenchmark.offerArrayBlockingQueue2:drops","avgt",2,5,199931.000000,NaN,"#",0,2048
"io.github.richardstartin.qb.SaturationBenchmark.offerArrayBlockingQueue2:offers","avgt",2,5,62294776.000000,NaN,"#",0,2048
"io.github.richardstartin.qb.SaturationBenchmark.offerArrayBlockingQueue2","avgt",2,5,145.539663,6.167351,"ns/op",0,4096
"io.github.richardstartin.qb.SaturationBenchmark.offerArrayBlockingQueue2:drops","avgt",2,5,250784.000000,NaN,"#",0,4096
"io.github.richardstartin.qb.SaturationBenchmark.offerArrayBlockingQueue2:offers","avgt",2,5,69680700.000000,NaN,"#",0,4096
"io.github.richardstartin.qb.SaturationBenchmark.offerArrayBlockingQueue2","avgt",2,5,161.741787,28.345889,"ns/op",5,256
"io.github.richardstartin.qb.SaturationBenchmark.offerArrayBlockingQueue2:drops","avgt",2,5,10252274.000000,NaN,"#",5,256
"io.github.richardstartin.qb.SaturationBenchmark.offerArrayBlockingQueue2:offers","avgt",2,5,54122467.000000,NaN,"#",5,256
"io.github.richardstartin.qb.SaturationBenchmark.offerArrayBlockingQueue2","avgt",2,5,194.536615,78.206915,"ns/op",5,1024
"io.github.richardstartin.qb.SaturationBenchmark.offerArrayBlockingQueue2:drops","avgt",2,5,155489.000000,NaN,"#",5,1024
"io.github.richardstartin.qb.SaturationBenchmark.offerArrayBlockingQueue2:offers","avgt",2,5,52084533.000000,NaN,"#",5,1024
"io.github.richardstartin.qb.SaturationBenchmark.offerArrayBlockingQueue2","avgt",2,5,136.740985,11.947837,"ns/op",5,2048
"io.github.richardstartin.qb.SaturationBenchmark.offerArrayBlockingQueue2:drops","avgt",2,5,228759.000000,NaN,"#",5,2048
"io.github.richardstartin.qb.SaturationBenchmark.offerArrayBlockingQueue2:offers","avgt",2,5,73290816.000000,NaN,"#",5,2048
"io.github.richardstartin.qb.SaturationBenchmark.offerArrayBlockingQueue2","avgt",2,5,144.739492,39.847939,"ns/op",5,4096
"io.github.richardstartin.qb.SaturationBenchmark.offerArrayBlockingQueue2:drops","avgt",2,5,129103.000000,NaN,"#",5,4096
"io.github.richardstartin.qb.SaturationBenchmark.offerArrayBlockingQueue2:offers","avgt",2,5,69932076.000000,NaN,"#",5,4096
"io.github.richardstartin.qb.SaturationBenchmark.offerArrayBlockingQueue2","avgt",2,5,173.928997,17.940595,"ns/op",10,256
"io.github.richardstartin.qb.SaturationBenchmark.offerArrayBlockingQueue2:drops","avgt",2,5,6435797.000000,NaN,"#",10,256
"io.github.richardstartin.qb.SaturationBenchmark.offerArrayBlockingQueue2:offers","avgt",2,5,51851175.000000,NaN,"#",10,256
"io.github.richardstartin.qb.SaturationBenchmark.offerArrayBlockingQueue2","avgt",2,5,153.404649,32.227988,"ns/op",10,1024
"io.github.richardstartin.qb.SaturationBenchmark.offerArrayBlockingQueue2:drops","avgt",2,5,146304.000000,NaN,"#",10,1024
"io.github.richardstartin.qb.SaturationBenchmark.offerArrayBlockingQueue2:offers","avgt",2,5,66259628.000000,NaN,"#",10,1024
"io.github.richardstartin.qb.SaturationBenchmark.offerArrayBlockingQueue2","avgt",2,5,159.119555,10.509465,"ns/op",10,2048
"io.github.richardstartin.qb.SaturationBenchmark.offerArrayBlockingQueue2:drops","avgt",2,5,37865.000000,NaN,"#",10,2048
"io.github.richardstartin.qb.SaturationBenchmark.offerArrayBlockingQueue2:offers","avgt",2,5,63049826.000000,NaN,"#",10,2048
"io.github.richardstartin.qb.SaturationBenchmark.offerArrayBlockingQueue2","avgt",2,5,160.677343,13.579113,"ns/op",10,4096
"io.github.richardstartin.qb.SaturationBenchmark.offerArrayBlockingQueue2:drops","avgt",2,5,66484.000000,NaN,"#",10,4096
"io.github.richardstartin.qb.SaturationBenchmark.offerArrayBlockingQueue2:offers","avgt",2,5,63087285.000000,NaN,"#",10,4096
"io.github.richardstartin.qb.SaturationBenchmark.offerArrayBlockingQueue2","avgt",2,5,266.650925,51.400797,"ns/op",20,256
"io.github.richardstartin.qb.SaturationBenchmark.offerArrayBlockingQueue2:drops","avgt",2,5,270789.000000,NaN,"#",20,256
"io.github.richardstartin.qb.SaturationBenchmark.offerArrayBlockingQueue2:offers","avgt",2,5,37766914.000000,NaN,"#",20,256
"io.github.richardstartin.qb.SaturationBenchmark.offerArrayBlockingQueue2","avgt",2,5,243.429876,39.116002,"ns/op",20,1024
"io.github.richardstartin.qb.SaturationBenchmark.offerArrayBlockingQueue2:drops","avgt",2,5,171064.000000,NaN,"#",20,1024
"io.github.richardstartin.qb.SaturationBenchmark.offerArrayBlockingQueue2:offers","avgt",2,5,41190292.000000,NaN,"#",20,1024
"io.github.richardstartin.qb.SaturationBenchmark.offerArrayBlockingQueue2","avgt",2,5,234.358855,27.012104,"ns/op",20,2048
"io.github.richardstartin.qb.SaturationBenchmark.offerArrayBlockingQueue2:drops","avgt",2,5,237004.000000,NaN,"#",20,2048
"io.github.richardstartin.qb.SaturationBenchmark.offerArrayBlockingQueue2:offers","avgt",2,5,42497199.000000,NaN,"#",20,2048
"io.github.richardstartin.qb.SaturationBenchmark.offerArrayBlockingQueue2","avgt",2,5,267.179985,28.026369,"ns/op",20,4096
"io.github.richardstartin.qb.SaturationBenchmark.offerArrayBlockingQueue2:drops","avgt",2,5,70375.000000,NaN,"#",20,4096
"io.github.richardstartin.qb.SaturationBenchmark.offerArrayBlockingQueue2:offers","avgt",2,5,37858559.000000,NaN,"#",20,4096
"io.github.richardstartin.qb.SaturationBenchmark.offerArrayBlockingQueue4","avgt",4,5,195.085558,7.201963,"ns/op",0,256
"io.github.richardstartin.qb.SaturationBenchmark.offerArrayBlockingQueue4:drops","avgt",4,5,59171402.000000,NaN,"#",0,256
"io.github.richardstartin.qb.SaturationBenchmark.offerArrayBlockingQueue4:offers","avgt",4,5,43590078.000000,NaN,"#",0,256
"io.github.richardstartin.qb.SaturationBenchmark.offerArrayBlockingQueue4","avgt",4,5,201.202759,7.087587,"ns/op",0,1024
"io.github.richardstartin.qb.SaturationBenchmark.offerArrayBlockingQueue4:drops","avgt",4,5,6847309.000000,NaN,"#",0,1024
"io.github.richardstartin.qb.SaturationBenchmark.offerArrayBlockingQueue4:offers","avgt",4,5,92727271.000000,NaN,"#",0,1024
"io.github.richardstartin.qb.SaturationBenchmark.offerArrayBlockingQueue4","avgt",4,5,216.717833,9.000314,"ns/op",0,2048
"io.github.richardstartin.qb.SaturationBenchmark.offerArrayBlockingQueue4:drops","avgt",4,5,753897.000000,NaN,"#",0,2048
"io.github.richardstartin.qb.SaturationBenchmark.offerArrayBlockingQueue4:offers","avgt",4,5,92200456.000000,NaN,"#",0,2048
"io.github.richardstartin.qb.SaturationBenchmark.offerArrayBlockingQueue4","avgt",4,5,271.016794,11.529383,"ns/op",0,4096
"io.github.richardstartin.qb.SaturationBenchmark.offerArrayBlockingQueue4:drops","avgt",4,5,205468.000000,NaN,"#",0,4096
"io.github.richardstartin.qb.SaturationBenchmark.offerArrayBlockingQueue4:offers","avgt",4,5,74449569.000000,NaN,"#",0,4096
"io.github.richardstartin.qb.SaturationBenchmark.offerArrayBlockingQueue4","avgt",4,5,319.102188,9.797360,"ns/op",5,256
"io.github.richardstartin.qb.SaturationBenchmark.offerArrayBlockingQueue4:drops","avgt",4,5,25783163.000000,NaN,"#",5,256
"io.github.richardstartin.qb.SaturationBenchmark.offerArrayBlockingQueue4:offers","avgt",4,5,37129888.000000,NaN,"#",5,256
"io.github.richardstartin.qb.SaturationBenchmark.offerArrayBlockingQueue4","avgt",4,5,309.072784,23.616422,"ns/op",5,1024
"io.github.richardstartin.qb.SaturationBenchmark.offerArrayBlockingQueue4:drops","avgt",4,5,3812628.000000,NaN,"#",5,1024
"io.github.richardstartin.qb.SaturationBenchmark.offerArrayBlockingQueue4:offers","avgt",4,5,62143035.000000,NaN,"#",5,1024
"io.github.richardstartin.qb.SaturationBenchmark.offerArrayBlockingQueue4","avgt",4,5,242.503498,8.350031,"ns/op",5,2048
"io.github.richardstartin.qb.SaturationBenchmark.offerArrayBlockingQueue4:drops","avgt",4,5,440810.000000,NaN,"#",5,2048
"io.github.richardstartin.qb.SaturationBenchmark.offerArrayBlockingQueue4:offers","avgt",4,5,82700135.000000,NaN,"#",5,2048
"io.github.richardstartin.qb.SaturationBenchmark.offerArrayBlockingQueue4","avgt",4,5,257.746718,5.996397,"ns/op",5,4096
"io.github.richardstartin.qb.SaturationBenchmark.offerArrayBlockingQueue4:drops","avgt",4,5,456216.000000,NaN,"#",5,4096
"io.github.richardstartin.qb.SaturationBenchmark.offerArrayBlockingQueue4:offers","avgt",4,5,77521817.000000,NaN,"#",5,4096
"io.github.richardstartin.qb.SaturationBenchmark.offerArrayBlockingQueue4","avgt",4,5,272.126380,16.984313,"ns/op",10,256
"io.github.richardstartin.qb.SaturationBenchmark.offerArrayBlockingQueue4:drops","avgt",4,5,34257650.000000,NaN,"#",10,256
"io.github.richardstartin.qb.SaturationBenchmark.offerArrayBlockingQueue4:offers","avgt",4,5,39552597.000000,NaN,"#",10,256
"io.github.richardstartin.qb.SaturationBenchmark.offerArrayBlockingQueue4","avgt",4,5,359.076068,12.527821,"ns/op",10,1024
"io.github.richardstartin.qb.SaturationBenchmark.offerArrayBlockingQueue4:drops","avgt",4,5,219224.000000,NaN,"#",10,1024
"io.github.richardstartin.qb.SaturationBenchmark.offerArrayBlockingQueue4:offers","avgt",4,5,56408462.000000,NaN,"#",10,1024
"io.github.richardstartin.qb.SaturationBenchmark.offerArrayBlockingQueue4","avgt",4,5,295.707464,7.727394,"ns/op",10,2048
"io.github.richardstartin.qb.SaturationBenchmark.offerArrayBlockingQueue4:drops","avgt",4,5,386223.000000,NaN,"#",10,2048
"io.github.richardstartin.qb.SaturationBenchmark.offerArrayBlockingQueue4:offers","avgt",4,5,67675079.000000,NaN,"#",10,2048
"io.github.richardstartin.qb.SaturationBenchmark.offerArrayBlockingQueue4","avgt",4,5,303.882521,26.470395,"ns/op",10,4096
"io.github.richardstartin.qb.SaturationBenchmark.offerArrayBlockingQueue4:drops","avgt",4,5,327635.000000,NaN,"#",10,4096
"io.github.richardstartin.qb.SaturationBenchmark.offerArrayBlockingQueue4:offers","avgt",4,5,65684230.000000,NaN,"#",10,4096
"io.github.richardstartin.qb.SaturationBenchmark.offerArrayBlockingQueue4","avgt",4,5,501.684224,30.481289,"ns/op",20,256
"io.github.richardstartin.qb.SaturationBenchmark.offerArrayBlockingQueue4:drops","avgt",4,5,7149233.000000,NaN,"#",20,256
"io.github.richardstartin.qb.SaturationBenchmark.offerArrayBlockingQueue4:offers","avgt",4,5,33389327.000000,NaN,"#",20,256
"io.github.richardstartin.qb.SaturationBenchmark.offerArrayBlockingQueue4","avgt",4,5,434.381659,16.375845,"ns/op",20,1024
"io.github.richardstartin.qb.SaturationBenchmark.offerArrayBlockingQueue4:drops","avgt",4,5,460221.000000,NaN,"#",20,1024
"io.github.richardstartin.qb.SaturationBenchmark.offerArrayBlockingQueue4:offers","avgt",4,5,45792659.000000,NaN,"#",20,1024
"io.github.richardstartin.qb.SaturationBenchmark.offerArrayBlockingQueue4","avgt",4,5,482.090250,29.700016,"ns/op",20,2048
"io.github.richardstartin.qb.SaturationBenchmark.offerArrayBlockingQueue4:drops","avgt",4,5,158853.000000,NaN,"#",20,2048
"io.github.richardstartin.qb.SaturationBenchmark.offerArrayBlockingQueue4:offers","avgt",4,5,41487324.000000,NaN,"#",20,2048
"io.github.richardstartin.qb.SaturationBenchmark.offerArrayBlockingQueue4","avgt",4,5,480.362265,20.857502,"ns/op",20,4096
"io.github.richardstartin.qb.SaturationBenchmark.offerArrayBlockingQueue4:drops","avgt",4,5,276901.000000,NaN,"#",20,4096
"io.github.richardstartin.qb.SaturationBenchmark.offerArrayBlockingQueue4:offers","avgt",4,5,41488011.000000,NaN,"#",20,4096
"io.github.richardstartin.qb.SaturationBenchmark.offerArrayBlockingQueue8","avgt",8,5,432.143374,46.477578,"ns/op",0,256
"io.github.richardstartin.qb.SaturationBenchmark.offerArrayBlockingQueue8:drops","avgt",8,5,73545899.000000,NaN,"#",0,256
"io.github.richardstartin.qb.SaturationBenchmark.offerArrayBlockingQueue8:offers","avgt",8,5,19541376.000000,NaN,"#",0,256
"io.github.richardstartin.qb.SaturationBenchmark.offerArrayBlockingQueue8","avgt",8,5,431.611683,185.198433,"ns/op",0,1024
"io.github.richardstartin.qb.SaturationBenchmark.offerArrayBlockingQueue8:drops","avgt",8,5,27027298.000000,NaN,"#",0,1024
"io.github.richardstartin.qb.SaturationBenchmark.offerArrayBlockingQueue8:offers","avgt",8,5,67288519.000000,NaN,"#",0,1024
"io.github.richardstartin.qb.SaturationBenchmark.offerArrayBlockingQueue8","avgt",8,5,393.110067,40.668290,"ns/op",0,2048
"io.github.richardstartin.qb.SaturationBenchmark.offerArrayBlockingQueue8:drops","avgt",8,5,5427163.000000,NaN,"#",0,2048
"io.github.richardstartin.qb.SaturationBenchmark.offerArrayBlockingQueue8:offers","avgt",8,5,96505331.000000,NaN,"#",0,2048
"io.github.richardstartin.qb.SaturationBenchmark.offerArrayBlockingQueue8","avgt",8,5,519.268001,38.637643,"ns/op",0,4096
"io.github.richardstartin.qb.SaturationBenchmark.offerArrayBlockingQueue8:drops","avgt",8,5,579576.000000,NaN,"#",0,4096
"io.github.richardstartin.qb.SaturationBenchmark.offerArrayBlockingQueue8:offers","avgt",8,5,76847477.000000,NaN,"#",0,4096
"io.github.richardstartin.qb.SaturationBenchmark.offerArrayBlockingQueue8","avgt",8,5,511.107293,45.131984,"ns/op",5,256
"io.github.richardstartin.qb.SaturationBenchmark.offerArrayBlockingQueue8:drops","avgt",8,5,56704770.000000,NaN,"#",5,256
"io.github.richardstartin.qb.SaturationBenchmark.offerArrayBlockingQueue8:offers","avgt",8,5,22190071.000000,NaN,"#",5,256
"io.github.richardstartin.qb.SaturationBenchmark.offerArrayBlockingQueue8","avgt",8,5,526.510276,303.198751,"ns/op",5,1024
"io.github.richardstartin.qb.SaturationBenchmark.offerArrayBlockingQueue8:drops","avgt",8,5,19329644.000000,NaN,"#",5,1024
"io.github.richardstartin.qb.SaturationBenchmark.offerArrayBlockingQueue8:offers","avgt",8,5,58113450.000000,NaN,"#",5,1024
"io.github.richardstartin.qb.SaturationBenchmark.offerArrayBlockingQueue8","avgt",8,5,512.865303,29.172841,"ns/op",5,2048
"io.github.richardstartin.qb.SaturationBenchmark.offerArrayBlockingQueue8:drops","avgt",8,5,1022457.000000,NaN,"#",5,2048
"io.github.richardstartin.qb.SaturationBenchmark.offerArrayBlockingQueue8:offers","avgt",8,5,77239630.000000,NaN,"#",5,2048
"io.github.richardstartin.qb.SaturationBenchmark.offerArrayBlockingQueue8","avgt",8,5,490.753449,29.201946,"ns/op",5,4096
"io.github.richardstartin.qb.SaturationBenchmark.offerArrayBlockingQueue8:drops","avgt",8,5,408580.000000,NaN,"#",5,4096
"io.github.richardstartin.qb.SaturationBenchmark.offerArrayBlockingQueue8:offers","avgt",8,5,81156049.000000,NaN,"#",5,4096
"io.github.richardstartin.qb.SaturationBenchmark.offerArrayBlockingQueue8","avgt",8,5,541.562877,65.412186,"ns/op",10,256
"io.github.richardstartin.qb.SaturationBenchmark.offerArrayBlockingQueue8:drops","avgt",8,5,50066254.000000,NaN,"#",10,256
"io.github.richardstartin.qb.SaturationBenchmark.offerArrayBlockingQueue8:offers","avgt",8,5,24124441.000000,NaN,"#",10,256
"io.github.richardstartin.qb.SaturationBenchmark.offerArrayBlockingQueue8","avgt",8,5,724.607325,465.113299,"ns/op",10,1024
"io.github.richardstartin.qb.SaturationBenchmark.offerArrayBlockingQueue8:drops","avgt",8,5,4929048.000000,NaN,"#",10,1024
"io.github.richardstartin.qb.SaturationBenchmark.offerArrayBlockingQueue8:offers","avgt",8,5,51774751.000000,NaN,"#",10,1024
"io.github.richardstartin.qb.SaturationBenchmark.offerArrayBlockingQueue8","avgt",8,5,557.754365,62.056563,"ns/op",10,2048
"io.github.richardstartin.qb.SaturationBenchmark.offerArrayBlockingQueue8:drops","avgt",8,5,339881.000000,NaN,"#",10,2048
"io.github.richardstartin.qb.SaturationBenchmark.offerArrayBlockingQueue8:offers","avgt",8,5,71475481.000000,NaN,"#",10,2048
"io.github.richardstartin.qb.SaturationBenchmark.offerArrayBlockingQueue8","avgt",8,5,699.471648,314.941913,"ns/op",10,4096
"io.github.richardstartin.qb.SaturationBenchmark.offerArrayBlockingQueue8:drops","avgt",8,5,1085714.000000,NaN,"#",10,4096
"io.github.richardstartin.qb.SaturationBenchmark.offerArrayBlockingQueue8:offers","avgt",8,5,56899666.000000,NaN,"#",10,4096
"io.github.richardstartin.qb.SaturationBenchmark.offerArrayBlockingQueue8","avgt",8,5,886.781409,58.814505,"ns/op",20,256
"io.github.richardstartin.qb.SaturationBenchmark.offerArrayBlockingQueue8:drops","avgt",8,5,20914266.000000,NaN,"#",20,256
"io.github.richardstartin.qb.SaturationBenchmark.offerArrayBlockingQueue8:offers","avgt",8,5,24309662.000000,NaN,"#",20,256
"io.github.richardstartin.qb.SaturationBenchmark.offerArrayBlockingQueue8","avgt",8,5,831.111288,77.057433,"ns/op",20,1024
"io.github.richardstartin.qb.SaturationBenchmark.offerArrayBlockingQueue8:drops","avgt",8,5,596664.000000,NaN,"#",20,1024
"io.github.richardstartin.qb.SaturationBenchmark.offerArrayBlockingQueue8:offers","avgt",8,5,47710623.000000,NaN,"#",20,1024
"io.github.richardstartin.qb.SaturationBenchmark.offerArrayBlockingQueue8","avgt",8,5,883.901443,382.530272,"ns/op",20,2048
"io.github.richardstartin.qb.SaturationBenchmark.offerArrayBlockingQueue8:drops","avgt",8,5,803765.000000,NaN,"#",20,2048
"io.github.richardstartin.qb.SaturationBenchmark.offerArrayBlockingQueue8:offers","avgt",8,5,45016088.000000,NaN,"#",20,2048
"io.github.richardstartin.qb.SaturationBenchmark.offerArrayBlockingQueue8","avgt",8,5,768.947677,45.487426,"ns/op",20,4096
"io.github.richardstartin.qb.SaturationBenchmark.offerArrayBlockingQueue8:drops","avgt",8,5,690804.000000,NaN,"#",20,4096
"io.github.richardstartin.qb.SaturationBenchmark.offerArrayBlockingQueue8:offers","avgt",8,5,51846546.000000,NaN,"#",20,4096
"io.github.richardstartin.qb.SaturationBenchmark.offerDisruptor1","avgt",1,5,148.543236,14.793335,"ns/op",0,256
"io.github.richardstartin.qb.SaturationBenchmark.offerDisruptor1:drops","avgt",1,5,49503.000000,NaN,"#",0,256
"io.github.richardstartin.qb.SaturationBenchmark.offerDisruptor1:offers","avgt",1,5,33633441.000000,NaN,"#",0,256
"io.github.richardstartin.qb.SaturationBenchmark.offerDisruptor1","avgt",1,5,163.786497,28.886533,"ns/op",0,1024
"io.github.richardstartin.qb.SaturationBenchmark.offerDisruptor1:drops","avgt",1,5,38187.000000,NaN,"#",0,1024
"io.github.richardstartin.qb.SaturationBenchmark.offerDisruptor1:offers","avgt",1,5,30546927.000000,NaN,"#",0,1024
"io.github.richardstartin.qb.SaturationBenchmark.offerDisruptor1","avgt",1,5,154.590776,42.748677,"ns/op",0,2048
"io.github.richardstartin.qb.SaturationBenchmark.offerDisruptor1:drops","avgt",1,5,53829.000000,NaN,"#",0,2048
"io.github.richardstartin.qb.SaturationBenchmark.offerDisruptor1:offers","avgt",1,5,32430535.000000,NaN,"#",0,2048
"io.github.richardstartin.qb.SaturationBenchmark.offerDisruptor1","avgt",1,5,156.106246,32.640932,"ns/op",0,4096
"io.github.richardstartin.qb.SaturationBenchmark.offerDisruptor1:drops","avgt",1,5,42767.000000,NaN,"#",0,4096
"io.github.richardstartin.qb.SaturationBenchmark.offerDisruptor1:offers","avgt",1,5,32068961.000000,NaN,"#",0,4096
"io.github.richardstartin.qb.SaturationBenchmark.offerDisruptor1","avgt",1,5,171.207121,20.571409,"ns/op",5,256
"io.github.richardstartin.qb.SaturationBenchmark.offerDisruptor1:drops","avgt",1,5,55542.000000,NaN,"#",5,256
"io.github.richardstartin.qb.SaturationBenchmark.offerDisruptor1:offers","avgt",1,5,29175963.000000,NaN,"#",5,256
"io.github.richardstartin.qb.SaturationBenchmark.offerDisruptor1","avgt",1,5,161.399129,16.171877,"ns/op",5,1024
"io.github.richardstartin.qb.SaturationBenchmark.offerDisruptor1:drops","avgt",1,5,14331.000000,NaN,"#",5,1024
"io.github.richardstartin.qb.SaturationBenchmark.offerDisruptor1:offers","avgt",1,5,30986402.000000,NaN,"#",5,1024
"io.github.richardstartin.qb.SaturationBenchmark.offerDisruptor1","avgt",1,5,173.478855,13.453209,"ns/op",5,2048
"io.github.richardstartin.qb.SaturationBenchmark.offerDisruptor1:drops","avgt",1,5,199.000000,NaN,"#",5,2048
"io.github.richardstartin.qb.SaturationBenchmark.offerDisruptor1:offers","avgt",1,5,28835221.000000,NaN,"#",5,2048
"io.github.richardstartin.qb.SaturationBenchmark.offerDisruptor1","avgt",1,5,171.804873,26.302495,"ns/op",5,4096
"io.github.richardstartin.qb.SaturationBenchmark.offerDisruptor1:drops","avgt",1,5,722.000000,NaN,"#",5,4096
"io.github.richardstartin.qb.SaturationBenchmark.offerDisruptor1:offers","avgt",1,5,29143429.000000,NaN,"#",5,4096
"io.github.richardstartin.qb.SaturationBenchmark.offerDisruptor1","avgt",1,5,179.657582,22.038020,"ns/op",10,256
"io.github.richardstartin.qb.SaturationBenchmark.offerDisruptor1:drops","avgt",1,5,17978.000000,NaN,"#",10,256
"io.github.richardstartin.qb.SaturationBenchmark.offerDisruptor1:offers","avgt",1,5,27839743.000000,NaN,"#",10,256
"io.github.richardstartin.qb.SaturationBenchmark.offerDisruptor1","avgt",1,5,171.758733,26.457217,"ns/op",10,1024
"io.github.richardstartin.qb.SaturationBenchmark.offerDisruptor1:drops","avgt",1,5,26621.000000,NaN,"#",10,1024
"io.github.richardstartin.qb.SaturationBenchmark.offerDisruptor1:offers","avgt",1,5,29125524.000000,NaN,"#",10,1024
"io.github.richardstartin.qb.SaturationBenchmark.offerDisruptor1","avgt",1,5,172.973787,14.173231,"ns/op",10,2048
"io.github.richardstartin.qb.SaturationBenchmark.offerDisruptor1:drops","avgt",1,5,14548.000000,NaN,"#",10,2048
"io.github.richardstartin.qb.SaturationBenchmark.offerDisruptor1:offers","avgt",1,5,28905422.000000,NaN,"#",10,2048
"io.github.richardstartin.qb.SaturationBenchmark.offerDisruptor1","avgt",1,5,173.788028,28.533596,"ns/op",10,4096
"io.github.richardstartin.qb.SaturationBenchmark.offerDisruptor1:drops","avgt",1,5,5680.000000,NaN,"#",10,4096
"io.github.richardstartin.qb.SaturationBenchmark.offerDisruptor1:offers","avgt",1,5,28809971.000000,NaN,"#",10,4096
"io.github.richardstartin.qb.SaturationBenchmark.offerDisruptor1","avgt",1,5,232.963589,44.682269,"ns/op",20,256
"io.github.richardstartin.qb.SaturationBenchmark.offerDisruptor1:drops","avgt",1,5,13827.000000,NaN,"#",20,256
"io.github.richardstartin.qb.SaturationBenchmark.offerDisruptor1:offers","avgt",1,5,21495375.000000,NaN,"#",20,256
"io.github.richardstartin.qb.SaturationBenchmark.offerDisruptor1","avgt",1,5,225.101790,36.680044,"ns/op",20,1024
"io.github.richardstartin.qb.SaturationBenchmark.offerDisruptor1:drops","avgt",1,5,7716.000000,NaN,"#",20,1024
"io.github.richardstartin.qb.SaturationBenchmark.offerDisruptor1:offers","avgt",1,5,22240438.000000,NaN,"#",20,1024
"io.github.richardstartin.qb.SaturationBenchmark.offerDisruptor1","avgt",1,5,217.158612,25.547854,"ns/op",20,2048
"io.github.richardstartin.qb.SaturationBenchmark.offerDisruptor1:drops","avgt",1,5,0.000000,NaN,"#",20,2048
"io.github.richardstartin.qb.SaturationBenchmark.offerDisruptor1:offers","avgt",1,5,23045855.000000,NaN,"#",20,2048
"io.github.richardstartin.qb.SaturationBenchmark.offerDisruptor1","avgt",1,5,224.867542,36.648148,"ns/op",20,4096
"io.github.richardstartin.qb.SaturationBenchmark.offerDisruptor1:drops","avgt",1,5,146.000000,NaN,"#",20,4096
"io.github.richardstartin.qb.SaturationBenchmark.offerDisruptor1:offers","avgt",1,5,22270100.000000,NaN,"#",20,4096
"io.github.richardstartin.qb.SaturationBenchmark.offerDisruptor2","avgt",2,5,206.288631,25.303893,"ns/op",0,256
"io.github.richardstartin.qb.SaturationBenchmark.offerDisruptor2:drops","avgt",2,5,359965.000000,NaN,"#",0,256
"io.github.richardstartin.qb.SaturationBenchmark.offerDisruptor2:offers","avgt",2,5,48187095.000000,NaN,"#",0,256
"io.github.richardstartin.qb.SaturationBenchmark.offerDisruptor2","avgt",2,5,207.572582,26.730808,"ns/op",0,1024
"io.github.richardstartin.qb.SaturationBenchmark.offerDisruptor2:drops","avgt",2,5,291121.000000,NaN,"#",0,1024
"io.github.richardstartin.qb.SaturationBenchmark.offerDisruptor2:offers","avgt",2,5,48051640.000000,NaN,"#",0,1024
"io.github.richardstartin.qb.SaturationBenchmark.offerDisruptor2","avgt",2,5,197.694524,26.544392,"ns/op",0,2048
"io.github.richardstartin.qb.SaturationBenchmark.offerDisruptor2:drops","avgt",2,5,419283.000000,NaN,"#",0,2048
"io.github.richardstartin.qb.SaturationBenchmark.offerDisruptor2:offers","avgt",2,5,50300543.000000,NaN,"#",0,2048
"io.github.richardstartin.qb.SaturationBenchmark.offerDisruptor2","avgt",2,5,203.933511,35.742475,"ns/op",0,4096
"io.github.richardstartin.qb.SaturationBenchmark.offerDisruptor2:drops","avgt",2,5,399841.000000,NaN,"#",0,4096
"io.github.richardstartin.qb.SaturationBenchmark.offerDisruptor2:offers","avgt",2,5,48745981.000000,NaN,"#",0,4096
"io.github.richardstartin.qb.SaturationBenchmark.offerDisruptor2","avgt",2,5,233.505628,55.367436,"ns/op",5,256
"io.github.richardstartin.qb.SaturationBenchmark.offerDisruptor2:drops","avgt",2,5,457326.000000,NaN,"#",5,256
"io.github.richardstartin.qb.SaturationBenchmark.offerDisruptor2:offers","avgt",2,5,42558920.000000,NaN,"#",5,256
"io.github.richardstartin.qb.SaturationBenchmark.offerDisruptor2","avgt",2,5,226.521098,10.332674,"ns/op",5,1024
"io.github.richardstartin.qb.SaturationBenchmark.offerDisruptor2:drops","avgt",2,5,148329.000000,NaN,"#",5,1024
"io.github.richardstartin.qb.SaturationBenchmark.offerDisruptor2:offers","avgt",2,5,44038078.000000,NaN,"#",5,1024
"io.github.richardstartin.qb.SaturationBenchmark.offerDisruptor2","avgt",2,5,204.884947,20.747970,"ns/op",5,2048
"io.github.richardstartin.qb.SaturationBenchmark.offerDisruptor2:drops","avgt",2,5,234075.000000,NaN,"#",5,2048
"io.github.richardstartin.qb.SaturationBenchmark.offerDisruptor2:offers","avgt",2,5,48691825.000000,NaN,"#",5,2048
"io.github.richardstartin.qb.SaturationBenchmark.offerDisruptor2","avgt",2,5,205.505741,36.588814,"ns/op",5,4096
"io.github.richardstartin.qb.SaturationBenchmark.offerDisruptor2:drops","avgt",2,5,172714.000000,NaN,"#",5,4096
"io.github.richardstartin.qb.SaturationBenchmark.offerDisruptor2:offers","avgt",2,5,48719169.000000,NaN,"#",5,4096
"io.github.richardstartin.qb.SaturationBenchmark.offerDisruptor2","avgt",2,5,298.698555,92.685955,"ns/op",10,256
"io.github.richardstartin.qb.SaturationBenchmark.offerDisruptor2:drops","avgt",2,5,274712.000000,NaN,"#",10,256
"io.github.richardstartin.qb.SaturationBenchmark.offerDisruptor2:offers","avgt",2,5,33507142.000000,NaN,"#",10,256
"io.github.richardstartin.qb.SaturationBenchmark.offerDisruptor2","avgt",2,5,235.923342,43.144836,"ns/op",10,1024
"io.github.richardstartin.qb.SaturationBenchmark.offerDisruptor2:drops","avgt",2,5,264932.000000,NaN,"#",10,1024
"io.github.richardstartin.qb.SaturationBenchmark.offerDisruptor2:offers","avgt",2,5,42292689.000000,NaN,"#",10,1024
"io.github.richardstartin.qb.SaturationBenchmark.offerDisruptor2","avgt",2,5,236.575069,45.294412,"ns/op",10,2048
"io.github.richardstartin.qb.SaturationBenchmark.offerDisruptor2:drops","avgt",2,5,48304.000000,NaN,"#",10,2048
"io.github.richardstartin.qb.SaturationBenchmark.offerDisruptor2:offers","avgt",2,5,42563912.000000,NaN,"#",10,2048
"io.github.richardstartin.qb.SaturationBenchmark.offerDisruptor2","avgt",2,5,246.687233,96.786289,"ns/op",10,4096
"io.github.richardstartin.qb.SaturationBenchmark.offerDisruptor2:drops","avgt",2,5,27888.000000,NaN,"#",10,4096
"io.github.richardstartin.qb.SaturationBenchmark.offerDisruptor2:offers","avgt",2,5,40894616.000000,NaN,"#",10,4096
"io.github.richardstartin.qb.SaturationBenchmark.offerDisruptor2","avgt",2,5,350.955638,59.522213,"ns/op",20,256
"io.github.richardstartin.qb.SaturationBenchmark.offerDisruptor2:drops","avgt",2,5,106409.000000,NaN,"#",20,256
"io.github.richardstartin.qb.SaturationBenchmark.offerDisruptor2:offers","avgt",2,5,28496755.000000,NaN,"#",20,256
"io.github.richardstartin.qb.SaturationBenchmark.offerDisruptor2","avgt",2,5,357.076705,50.412221,"ns/op",20,1024
"io.github.richardstartin.qb.SaturationBenchmark.offerDisruptor2:drops","avgt",2,5,215132.000000,NaN,"#",20,1024
"io.github.richardstartin.qb.SaturationBenchmark.offerDisruptor2:offers","avgt",2,5,27866543.000000,NaN,"#",20,1024
"io.github.richardstartin.qb.SaturationBenchmark.offerDisruptor2","avgt",2,5,341.352603,39.631293,"ns/op",20,2048
"io.github.richardstartin.qb.SaturationBenchmark.offerDisruptor2:drops","avgt",2,5,34984.000000,NaN,"#",20,2048
"io.github.richardstartin.qb.SaturationBenchmark.offerDisruptor2:offers","avgt",2,5,29354334.000000,NaN,"#",20,2048
"io.github.richardstartin.qb.SaturationBenchmark.offerDisruptor2","avgt",2,5,343.177595,101.144169,"ns/op",20,4096
"io.github.richardstartin.qb.SaturationBenchmark.offerDisruptor2:drops","avgt",2,5,79259.000000,NaN,"#",20,4096
"io.github.richardstartin.qb.SaturationBenchmark.offerDisruptor2:offers","avgt",2,5,29398951.000000,NaN,"#",20,4096
"io.github.richardstartin.qb.SaturationBenchmark.offerDisruptor4","avgt",4,5,282.216118,45.098623,"ns/op",0,256
"io.github.richardstartin.qb.SaturationBenchmark.offerDisruptor4:drops","avgt",4,5,20702563.000000,NaN,"#",0,256
"io.github.richardstartin.qb.SaturationBenchmark.offerDisruptor4:offers","avgt",4,5,50498703.000000,NaN,"#",0,256
"io.github.richardstartin.qb.SaturationBenchmark.offerDisruptor4","avgt",4,5,385.486207,41.360034,"ns/op",0,1024
"io.github.richardstartin.qb.SaturationBenchmark.offerDisruptor4:drops","avgt",4,5,688135.000000,NaN,"#",0,1024
"io.github.richardstartin.qb.SaturationBenchmark.offerDisruptor4:offers","avgt",4,5,51314911.000000,NaN,"#",0,1024
"io.github.richardstartin.qb.SaturationBenchmark.offerDisruptor4","avgt",4,5,368.729958,44.628705,"ns/op",0,2048
"io.github.richardstartin.qb.SaturationBenchmark.offerDisruptor4:drops","avgt",4,5,1951200.000000,NaN,"#",0,2048
"io.github.richardstartin.qb.SaturationBenchmark.offerDisruptor4:offers","avgt",4,5,52503526.000000,NaN,"#",0,2048
"io.github.richardstartin.qb.SaturationBenchmark.offerDisruptor4","avgt",4,5,359.712107,30.458548,"ns/op",0,4096
"io.github.richardstartin.qb.SaturationBenchmark.offerDisruptor4:drops","avgt",4,5,1432084.000000,NaN,"#",0,4096
"io.github.richardstartin.qb.SaturationBenchmark.offerDisruptor4:offers","avgt",4,5,54445394.000000,NaN,"#",0,4096
"io.github.richardstartin.qb.SaturationBenchmark.offerDisruptor4","avgt",4,5,370.175822,63.807355,"ns/op",5,256
"io.github.richardstartin.qb.SaturationBenchmark.offerDisruptor4:drops","avgt",4,5,8393504.000000,NaN,"#",5,256
"io.github.richardstartin.qb.SaturationBenchmark.offerDisruptor4:offers","avgt",4,5,45857239.000000,NaN,"#",5,256
"io.github.richardstartin.qb.SaturationBenchmark.offerDisruptor4","avgt",4,5,398.085485,27.508121,"ns/op",5,1024
"io.github.richardstartin.qb.SaturationBenchmark.offerDisruptor4:drops","avgt",4,5,1724571.000000,NaN,"#",5,1024
"io.github.richardstartin.qb.SaturationBenchmark.offerDisruptor4:offers","avgt",4,5,48650161.000000,NaN,"#",5,1024
"io.github.richardstartin.qb.SaturationBenchmark.offerDisruptor4","avgt",4,5,390.572898,34.675978,"ns/op",5,2048
"io.github.richardstartin.qb.SaturationBenchmark.offerDisruptor4:drops","avgt",4,5,640365.000000,NaN,"#",5,2048
"io.github.richardstartin.qb.SaturationBenchmark.offerDisruptor4:offers","avgt",4,5,50831162.000000,NaN,"#",5,2048
"io.github.richardstartin.qb.SaturationBenchmark.offerDisruptor4","avgt",4,5,394.368362,43.129549,"ns/op",5,4096
"io.github.richardstartin.qb.SaturationBenchmark.offerDisruptor4:drops","avgt",4,5,457345.000000,NaN,"#",5,4096
"io.github.richardstartin.qb.SaturationBenchmark.offerDisruptor4:offers","avgt",4,5,50436482.000000,NaN,"#",5,4096
"io.github.richardstartin.qb.SaturationBenchmark.offerDisruptor4","avgt",4,5,493.367109,47.071419,"ns/op",10,256
"io.github.richardstartin.qb.SaturationBenchmark.offerDisruptor4:drops","avgt",4,5,1254524.000000,NaN,"#",10,256
"io.github.richardstartin.qb.SaturationBenchmark.offerDisruptor4:offers","avgt",4,5,39392596.000000,NaN,"#",10,256
"io.github.richardstartin.qb.SaturationBenchmark.offerDisruptor4","avgt",4,5,449.627979,57.750114,"ns/op",10,1024
"io.github.richardstartin.qb.SaturationBenchmark.offerDisruptor4:drops","avgt",4,5,772557.000000,NaN,"#",10,1024
"io.github.richardstartin.qb.SaturationBenchmark.offerDisruptor4:offers","avgt",4,5,43848914.000000,NaN,"#",10,1024
"io.github.richardstartin.qb.SaturationBenchmark.offerDisruptor4","avgt",4,5,510.377713,61.726638,"ns/op",10,2048
"io.github.richardstartin.qb.SaturationBenchmark.offerDisruptor4:drops","avgt",4,5,367763.000000,NaN,"#",10,2048
"io.github.richardstartin.qb.SaturationBenchmark.offerDisruptor4:offers","avgt",4,5,39066063.000000,NaN,"#",10,2048
"io.github.richardstartin.qb.SaturationBenchmark.offerDisruptor4","avgt",4,5,487.574129,95.865159,"ns/op",10,4096
"io.github.richardstartin.qb.SaturationBenchmark.offerDisruptor4:drops","avgt",4,5,1167939.000000,NaN,"#",10,4096
"io.github.richardstartin.qb.SaturationBenchmark.offerDisruptor4:offers","avgt",4,5,40184231.000000,NaN,"#",10,4096
"io.github.richardstartin.qb.SaturationBenchmark.offerDisruptor4","avgt",4,5,647.335876,21.009774,"ns/op",20,256
"io.github.richardstartin.qb.SaturationBenchmark.offerDisruptor4:drops","avgt",4,5,409019.000000,NaN,"#",20,256
"io.github.richardstartin.qb.SaturationBenchmark.offerDisruptor4:offers","avgt",4,5,30538810.000000,NaN,"#",20,256
"io.github.richardstartin.qb.SaturationBenchmark.offerDisruptor4","avgt",4,5,703.487237,22.800830,"ns/op",20,1024
"io.github.richardstartin.qb.SaturationBenchmark.offerDisruptor4:drops","avgt",4,5,218510.000000,NaN,"#",20,1024
"io.github.richardstartin.qb.SaturationBenchmark.offerDisruptor4:offers","avgt",4,5,28253087.000000,NaN,"#",20,1024
"io.github.richardstartin.qb.SaturationBenchmark.offerDisruptor4","avgt",4,5,725.759083,83.889315,"ns/op",20,2048
"io.github.richardstartin.qb.SaturationBenchmark.offerDisruptor4:drops","avgt",4,5,524158.000000,NaN,"#",20,2048
"io.github.richardstartin.qb.SaturationBenchmark.offerDisruptor4:offers","avgt",4,5,27140986.000000,NaN,"#",20,2048
"io.github.richardstartin.qb.SaturationBenchmark.offerDisruptor4","avgt",4,5,687.295372,56.090383,"ns/op",20,4096
"io.github.richardstartin.qb.SaturationBenchmark.offerDisruptor4:drops","avgt",4,5,179696.000000,NaN,"#",20,4096
"io.github.richardstartin.qb.SaturationBenchmark.offerDisruptor4:offers","avgt",4,5,28982877.000000,NaN,"#",20,4096
"io.github.richardstartin.qb.SaturationBenchmark.offerDisruptor8","avgt",8,5,145.092601,36.392117,"ns/op",0,256
"io.github.richardstartin.qb.SaturationBenchmark.offerDisruptor8:drops","avgt",8,5,272807559.000000,NaN,"#",0,256
"io.github.richardstartin.qb.SaturationBenchmark.offerDisruptor8:offers","avgt",8,5,11856687.000000,NaN,"#",0,256
"io.github.richardstartin.qb.SaturationBenchmark.offerDisruptor8","avgt",8,5,630.310686,244.691997,"ns/op",0,1024
"io.github.richardstartin.qb.SaturationBenchmark.offerDisruptor8:drops","avgt",8,5,9863074.000000,NaN,"#",0,1024
"io.github.richardstartin.qb.SaturationBenchmark.offerDisruptor8:offers","avgt",8,5,54635008.000000,NaN,"#",0,1024
"io.github.richardstartin.qb.SaturationBenchmark.offerDisruptor8","avgt",8,5,705.845100,435.004937,"ns/op",0,2048
"io.github.richardstartin.qb.SaturationBenchmark.offerDisruptor8:drops","avgt",8,5,6995566.000000,NaN,"#",0,2048
"io.github.richardstartin.qb.SaturationBenchmark.offerDisruptor8:offers","avgt",8,5,51167920.000000,NaN,"#",0,2048
"io.github.richardstartin.qb.SaturationBenchmark.offerDisruptor8","avgt",8,5,656.435958,238.882933,"ns/op",0,4096
"io.github.richardstartin.qb.SaturationBenchmark.offerDisruptor8:drops","avgt",8,5,5559955.000000,NaN,"#",0,4096
"io.github.richardstartin.qb.SaturationBenchmark.offerDisruptor8:offers","avgt",8,5,55995138.000000,NaN,"#",0,4096
"io.github.richardstartin.qb.SaturationBenchmark.offerDisruptor8","avgt",8,5,189.348364,59.690614,"ns/op",5,256
"io.github.richardstartin.qb.SaturationBenchmark.offerDisruptor8:drops","avgt",8,5,204916485.000000,NaN,"#",5,256
"io.github.richardstartin.qb.SaturationBenchmark.offerDisruptor8:offers","avgt",8,5,13294668.000000,NaN,"#",5,256
"io.github.richardstartin.qb.SaturationBenchmark.offerDisruptor8","avgt",8,5,642.367914,301.174075,"ns/op",5,1024
"io.github.richardstartin.qb.SaturationBenchmark.offerDisruptor8:drops","avgt",8,5,12577882.000000,NaN,"#",5,1024
"io.github.richardstartin.qb.SaturationBenchmark.offerDisruptor8:offers","avgt",8,5,50949880.000000,NaN,"#",5,1024
"io.github.richardstartin.qb.SaturationBenchmark.offerDisruptor8","avgt",8,5,691.212986,259.789982,"ns/op",5,2048
"io.github.richardstartin.qb.SaturationBenchmark.offerDisruptor8:drops","avgt",8,5,10754105.000000,NaN,"#",5,2048
"io.github.richardstartin.qb.SaturationBenchmark.offerDisruptor8:offers","avgt",8,5,47990706.000000,NaN,"#",5,2048
"io.github.richardstartin.qb.SaturationBenchmark.offerDisruptor8","avgt",8,5,729.882476,175.313069,"ns/op",5,4096
"io.github.richardstartin.qb.SaturationBenchmark.offerDisruptor8:drops","avgt",8,5,6890692.000000,NaN,"#",5,4096
"io.github.richardstartin.qb.SaturationBenchmark.offerDisruptor8:offers","avgt",8,5,48510526.000000,NaN,"#",5,4096
"io.github.richardstartin.qb.SaturationBenchmark.offerDisruptor8","avgt",8,5,319.769885,146.582874,"ns/op",10,256
"io.github.richardstartin.qb.SaturationBenchmark.offerDisruptor8:drops","avgt",8,5,105734374.000000,NaN,"#",10,256
"io.github.richardstartin.qb.SaturationBenchmark.offerDisruptor8:offers","avgt",8,5,23206149.000000,NaN,"#",10,256
"io.github.richardstartin.qb.SaturationBenchmark.offerDisruptor8","avgt",8,5,862.156278,332.415116,"ns/op",10,1024
"io.github.richardstartin.qb.SaturationBenchmark.offerDisruptor8:drops","avgt",8,5,4677563.000000,NaN,"#",10,1024
"io.github.richardstartin.qb.SaturationBenchmark.offerDisruptor8:offers","avgt",8,5,42258293.000000,NaN,"#",10,1024
"io.github.richardstartin.qb.SaturationBenchmark.offerDisruptor8","avgt",8,5,780.952416,303.403451,"ns/op",10,2048
"io.github.richardstartin.qb.SaturationBenchmark.offerDisruptor8:drops","avgt",8,5,6121122.000000,NaN,"#",10,2048
"io.github.richardstartin.qb.SaturationBenchmark.offerDisruptor8:offers","avgt",8,5,45776125.000000,NaN,"#",10,2048
"io.github.richardstartin.qb.SaturationBenchmark.offerDisruptor8","avgt",8,5,921.248584,313.939502,"ns/op",10,4096
"io.github.richardstartin.qb.SaturationBenchmark.offerDisruptor8:drops","avgt",8,5,2566376.000000,NaN,"#",10,4096
"io.github.richardstartin.qb.SaturationBenchmark.offerDisruptor8:offers","avgt",8,5,41264911.000000,NaN,"#",10,4096
"io.github.richardstartin.qb.SaturationBenchmark.offerDisruptor8","avgt",8,5,937.406526,623.559842,"ns/op",20,256
"io.github.richardstartin.qb.SaturationBenchmark.offerDisruptor8:drops","avgt",8,5,16745893.000000,NaN,"#",20,256
"io.github.richardstartin.qb.SaturationBenchmark.offerDisruptor8:offers","avgt",8,5,27242668.000000,NaN,"#",20,256
"io.github.richardstartin.qb.SaturationBenchmark.offerDisruptor8","avgt",8,5,978.532782,603.527550,"ns/op",20,1024
"io.github.richardstartin.qb.SaturationBenchmark.offerDisruptor8:drops","avgt",8,5,13226501.000000,NaN,"#",20,1024
"io.github.richardstartin.qb.SaturationBenchmark.offerDisruptor8:offers","avgt",8,5,28844161.000000,NaN,"#",20,1024
"io.github.richardstartin.qb.SaturationBenchmark.offerDisruptor8","avgt",8,5,1189.656621,312.807397,"ns/op",20,2048
"io.github.richardstartin.qb.SaturationBenchmark.offerDisruptor8:drops","avgt",8,5,1598500.000000,NaN,"#",20,2048
"io.github.richardstartin.qb.SaturationBenchmark.offerDisruptor8:offers","avgt",8,5,32236761.000000,NaN,"#",20,2048
"io.github.richardstartin.qb.SaturationBenchmark.offerDisruptor8","avgt",8,5,1390.208717,372.773704,"ns/op",20,4096
"io.github.richardstartin.qb.SaturationBenchmark.offerDisruptor8:drops","avgt",8,5,256750.000000,NaN,"#",20,4096
"io.github.richardstartin.qb.SaturationBenchmark.offerDisruptor8:offers","avgt",8,5,28684388.000000,NaN,"#",20,4096
